﻿<?xml version="1.0" encoding="UTF-8" standalone="yes"?>
<addon id="plugin.video.Zamir" name="Harav Zamir Cohen" version="1.0.0" provider-name="t5i">
    <requires>
        <import addon="xbmc.python" version="2.1.0"/>
		<import addon="script.module.parsedom" version="0.9.1"/> 
    </requires>
    <extension point="xbmc.python.pluginsource" library="Zamir.py">
        <provides>video</provides>
    </extension>
    <extension point="xbmc.addon.metadata">
        <platform>all</platform>
        <summary lang="en">Watch video from Hidabroot, Harav Zamir Cohen</summary>
        <summary lang="he"> VOD הרב זמיר כהן</summary>
        <description lang="en">Watch video from Hidabroot, Harav Zamir Cohen</description>
        <description lang="he">צפו בוידאו מהאתר  VOD הרב זמיר כהן </description>
        <disclaimer>כותב הסקיפרט אינו מייצג את ארגון הידברות או את כבוד הרב זמיר כהן,ו אינו אחראי לתוכן המוצג באתר. תוסף זה הינו יוזמה פרטית ואישית  להפצת דבר הי"ת מפי הגאון הרב זמיר כהן שליט"א מזכה הרבים ומקרב את עם ישראל למוסרת ישראל ולדברי התורה. הנך כפוף לתנאי השימוש של האתר</disclaimer>
        <supportedcontent>
          <content>tvshows</content>
        </supportedcontent>	
    </extension>
 </addon>
